10.0.0.254,54321,squid7842
10.0.0.254,54322,squid26997
10.0.0.254,54323,squid5328
10.0.0.254,54324,squid30137
10.0.0.254,54325,squid11083
10.0.0.254,54326,squid14461
10.0.0.254,54327,squid23541
10.0.0.254,54328,squid18459
10.0.0.254,54329,squid20019
10.0.0.254,54330,squid28528
10.0.0.254,54331,squid12506
10.0.0.254,54332,squid24909
10.0.0.254,54333,squid12398
10.0.0.254,54334,squid31392
10.0.0.254,54335,squid5105
10.0.0.254,54336,squid1702
10.0.0.254,54337,squid285
10.0.0.254,54338,squid18384
10.0.0.254,54339,squid13870
10.0.0.254,54340,squid28484
